]GameTime;ScenarioTime;FrameRate;FrameRate-XRDevice;Frame Number;A escooter Pos;A escooter Rot;A escooter accel;A escooter steering;A escooter acc_x;A escooter acc_y;A escooter acc_z;A escooter rot_x;A escooter rot_y;A escooter rot_z;A escooter velocity;Websocket_message_timestamp;Websocket_message_category;Websocket_message_action
2234.566000;0.000000;0.014001;0.000000;700618;iuuiQmqU4z7/KmpC;zy5APsz8hkM0Fqw/;0.000000;0.000000;0.000000;0.000000;0.000000;0.000000;0.000000;0.000000;HMZ1u0AyBbyz25S6;1723745018
2234.594000;0.027588;0.016731;0.000000;700619;i+uiQuiI4z4BK2pC;4AI7PtD8hkP046s/;0.000000;0.000000;0.000000;0.000000;0.000000;0.000000;0.000000;0.000000;7vBvu8A/rrtnLIe6;1723745018
2234.608000;0.041504;0.016163;0.000000;700620;jeuiQv6D4z4DK2pC;uPo1PtT8hkPCt6s/;0.000000;0.000000;0.000000;0.000000;0.000000;0.000000;0.000000;0.000000;2XBpu8CWNbszZHO6;1723745018
2234.622000;0.055420;0.015708;0.000000;700621;juuiQuyE4z4CK2pC;4BkxPtj8hkO/l6s/;0.000000;0.000000;0.000000;0.000000;0.000000;0.000000;0.000000;0.000000;3VJiuwCqBbpY3YS6;1723745019
2234.636000;0.069336;0.015344;0.000000;700622;juuiQuyE4z4CK2pC;4BkxPtj8hkO/l6s/;0.000000;0.000000;0.000000;0.000000;0.000000;0.000000;0.000000;0.000000;3VJiuwCqBbpY3YS6;1723745019
2234.650000;0.083252;0.015053;0.000000;700623;kOuiQu6K4z4CK2pC;410sPtr8hkNIgKs/;0.000000;0.000000;0.000000;0.000000;0.000000;0.000000;0.000000;0.000000;2pZbu4ApvzoFmTm6;1723745019
2234.664000;0.097168;0.014820;0.000000;700624;keuiQj6V4z4BK2pC;McknPt38hkPDb6s/;0.000000;0.000000;0.000000;0.000000;0.000000;0.000000;0.000000;0.000000;nnJUu0DrTDuUDQO6;1723745019
2234.677000;0.111084;0.014634;0.000000;700625;keuiQj6V4z4BK2pC;McknPt38hkPDb6s/;0.000000;0.000000;0.000000;0.000000;0.000000;0.000000;0.000000;0.000000;nnJUu0DrTDuUDQO6;1723745019
2234.691000;0.125000;0.014485;0.000000;700626;k+uiQhCj4z4BK2pC;pl0jPt/8hkMVZKs/;0.000000;0.000000;0.000000;0.000000;0.000000;0.000000;0.000000;0.000000;CgpNu2B5kzvTX7q5;1723745019
2234.705000;0.138672;0.014366;0.000000;700627;leuiQqCz4z4BK2pC;SxsfPuH8hkPQW6s/;0.000000;0.000000;0.000000;0.000000;0.000000;0.000000;0.000000;0.000000;zoFFu8AftzvwXIW5;1723745019
2234.719000;0.152588;0.014270;0.000000;700628;leuiQqCz4z4BK2pC;SxsfPuH8hkPQW6s/;0.000000;0.000000;0.000000;0.000000;0.000000;0.000000;0.000000;0.000000;zoFFu8AftzvwXIW5;1723745019
2234.733000;0.166504;0.014194;0.000000;700629;luuiQkLG4z4BK2pC;XAMbPuP8hkPpVas/;0.000000;0.000000;0.000000;0.000000;0.000000;0.000000;0.000000;0.000000;P/A9uwC00Ts4/j+5;1723745019
2234.747000;0.180420;0.014133;0.000000;700630;mOuiQkza4z4AK2pC;TRQXPuT8hkPHUas/;0.000000;0.000000;0.000000;0.000000;0.000000;0.000000;0.000000;0.000000;znU2u2AN5Dus8gq5;1723745019
2234.761000;0.194336;0.014084;0.000000;700631;meuiQiDv4z4AK2pC;wU0TPub8hkPBTqs/;0.000000;0.000000;0.000000;0.000000;0.000000;0.000000;0.000000;0.000000;3Scvu2Di7jv+GMq4;1723745019
2234.775000;0.208252;0.014068;0.000000;700632;meuiQiDv4z4AK2pC;wU0TPub8hkPBTqs/;0.000000;0.000000;0.000000;0.000000;0.000000;0.000000;0.000000;0.000000;3Scvu2Di7jv+GMq4;1723745019
2234.789000;0.222656;0.014139;0.000000;700633;muuiQiwE5D4AK2pC;ea4PPuf8hkOuTKs/;0.000000;0.000000;0.000000;0.000000;0.000000;0.000000;0.000000;0.000000;fxIou+DA8jvBIJO4;1723745019
2234.803000;0.236572;0.014089;0.000000;700634;m+uiQgYZ5D4AK2pC;3TQMPun8hkNHS6s/;0.000000;0.000000;0.000000;0.000000;0.000000;0.000000;0.000000;0.000000;k0ohuwCf8DvhA1a4;1723745019
2234.817000;0.250488;0.014049;0.000000;700635;m+uiQgYZ5D4AK2pC;3TQMPun8hkNHS6s/;0.000000;0.000000;0.000000;0.000000;0.000000;0.000000;0.000000;0.000000;k0ohuwCf8DvhA1a4;1723745019
2234.831000;0.264404;0.014030;0.000000;700636;nOuiQjYt5D4BK2pC;Dd4IPur8hkNYSqs/;0.000000;0.000000;0.000000;0.000000;0.000000;0.000000;0.000000;0.000000;ONkau+BK6Tt6Phu4;1723745019
2234.845000;0.278564;0.014045;0.000000;700637;neuiQmBA5D4BK2pC;fKkFPuz8hkOoSas/;0.000000;0.000000;0.000000;0.000000;0.000000;0.000000;0.000000;0.000000;d8MUu6CU3TvMSN+3;1723745019
2234.859000;0.292480;0.014014;0.000000;700638;neuiQmBA5D4BK2pC;fKkFPuz8hkOoSas/;0.000000;0.000000;0.000000;0.000000;0.000000;0.000000;0.000000;0.000000;d8MUu6CU3TvMSN+3;1723745019
2234.873000;0.306396;0.013989;0.000000;700639;nuuiQkZS5D4BK2pC;5JMCPu38hkNISas/;0.000000;0.000000;0.000000;0.000000;0.000000;0.000000;0.000000;0.000000;lhMPu+Bdzjtmp523;1723745019
2234.887000;0.320557;0.014036;0.000000;700640;n+uiQrRi5D4BK2pC;iTf/Pe78hkMGSas/;0.000000;0.000000;0.000000;0.000000;0.000000;0.000000;0.000000;0.000000;xskJu0BbvDs921q3;1723745019
2234.901000;0.334717;0.014037;0.000000;700641;oOuiQmpx5D4BK2pC;1nv5PfD8hkPlSKs/;0.000000;0.000000;0.000000;0.000000;0.000000;0.000000;0.000000;0.000000;3uUEu6BZqDtTuBG3;1723745019
2234.915000;0.348633;0.014008;0.000000;700642;oOuiQmpx5D4BK2pC;1nv5PfD8hkPlSKs/;0.000000;0.000000;0.000000;0.000000;0.000000;0.000000;0.000000;0.000000;3uUEu6BZqDtTuBG3;1723745019
2234.929000;0.362793;0.014074;0.000000;700643;ouuiQm5+5D4BK2pC;xPLzPfD8hkPpSKs/;0.000000;0.000000;0.000000;0.000000;0.000000;0.000000;0.000000;0.000000;oWQAu0AQkzvrBLi2;1723745019
2234.943000;0.376709;0.014037;0.000000;700644;ouuiQqCJ5D4BK2pC;sJbuPfL8hkMLSas/;0.000000;0.000000;0.000000;0.000000;0.000000;0.000000;0.000000;0.000000;Uof4ukAPejvS6Vm2;1723745019
2234.957000;0.390869;0.014034;0.000000;700645;ouuiQqCJ5D4BK2pC;sJbuPfL8hkMLSas/;0.000000;0.000000;0.000000;0.000000;0.000000;0.000000;0.000000;0.000000;Uof4ukAPejvS6Vm2;1723745019
2234.971000;0.404785;0.014005;0.000000;700646;o+uiQgyT5D4BK2pC;aGTpPfP8hkNFSas/;0.000000;0.000000;0.000000;0.000000;0.000000;0.000000;0.000000;0.000000;9wfxukAQTjv0Ceq1;1723745019
2234.985000;0.418457;0.013982;0.000000;700647;pOuiQsKa5D4BK2pC;D1jkPfT8hkN5Sas/;0.000000;0.000000;0.000000;0.000000;0.000000;0.000000;0.000000;0.000000;zSrqugCjIjtSRnG1;1723745019
2234.999000;0.432861;0.014026;0.000000;700648;pOuiQsKa5D4BK2pC;D1jkPfT8hkN5Sas/;0.000000;0.000000;0.000000;0.000000;0.000000;0.000000;0.000000;0.000000;zSrqugCjIjtSRnG1;1723745019
2235.013000;0.446533;0.013999;0.000000;700649;pOuiQqqg5D4BK2pC;DWzfPfX8hkOnSas/;0.000000;0.000000;0.000000;0.000000;0.000000;0.000000;0.000000;0.000000;HPDjugBn8TrsB+q0;1723745019
2235.027000;0.460693;0.014023;0.000000;700650;peuiQgKl5D4BK2pC;8qDaPfb8hkPTSas/;0.000000;0.000000;0.000000;0.000000;0.000000;0.000000;0.000000;0.000000;qkXeuoCFojrqQeC0;1723745019
2235.041000;0.474609;0.013996;0.000000;700651;puuiQtin5D4BK2pC;YfLVPff8hkP1Sas/;0.000000;0.000000;0.000000;0.000000;0.000000;0.000000;0.000000;0.000000;6xzZugARMjpAMB+1;1723745019
2235.055000;0.488525;0.013975;0.000000;700652;puuiQtin5D4BK2pC;YfLVPff8hkP1Sas/;0.000000;0.000000;0.000000;0.000000;0.000000;0.000000;0.000000;0.000000;6xzZugARMjpAMB+1;1723745019
2235.069000;0.502441;0.013958;0.000000;700653;p+uiQlCp5D4BK2pC;tl3RPfj8hkM2Sqs/;0.000000;0.000000;0.000000;0.000000;0.000000;0.000000;0.000000;0.000000;Wm7UugCAMzkM64e1;1723745019
2235.083000;0.516602;0.013977;0.000000;700654;qOuiQpSp5D4BK2pC;JOHMPfj8hkNOSqs/;0.000000;0.000000;0.000000;0.000000;0.000000;0.000000;0.000000;0.000000;/x7QugC6lLmoH+u1;1723745019
2235.097000;0.530273;0.013959;0.000000;700655;qOuiQpSp5D4BK2pC;JOHMPfj8hkNOSqs/;0.000000;0.000000;0.000000;0.000000;0.000000;0.000000;0.000000;0.000000;/x7QugC6lLmoH+u1;1723745019
2235.111000;0.544189;0.013945;0.000000;700656;qeuiQsio5D4BK2pC;b3nIPfr8hkNwSqs/;0.000000;0.000000;0.000000;0.000000;0.000000;0.000000;0.000000;0.000000;bybMugASMrr4Qye2;1723745019
2235.125000;0.558105;0.013934;0.000000;700657;quuiQhan5D4BK2pC;TSfEPfr8hkOTSqs/;0.000000;0.000000;0.000000;0.000000;0.000000;0.000000;0.000000;0.000000;s3DIuoBohbpkBWm2;1723745019
2235.138000;0.572021;0.013925;0.000000;700658;quuiQhan5D4BK2pC;TSfEPfr8hkOTSqs/;0.000000;0.000000;0.000000;0.000000;0.000000;0.000000;0.000000;0.000000;s3DIuoBohbpkBWm2;1723745019
2235.153000;0.586182;0.013965;0.000000;700659;q+uiQqik5D4BK2pC;due/Pfz8hkOVSqs/;0.000000;0.000000;0.000000;0.000000;0.000000;0.000000;0.000000;0.000000;+PTEuoAaqrrVM5O2;1723745019
2235.167000;0.600098;0.013950;0.000000;700660;q+uiQqCh5D4BK2pC;Y7m7Pf38hkOtSqs/;0.000000;0.000000;0.000000;0.000000;0.000000;0.000000;0.000000;0.000000;DqfBuoDCx7rE2LC2;1723745019
2235.180000;0.614014;0.013938;0.000000;700661;rOuiQhqe5D4BK2pC;uZ23Pf38hkOSSqs/;0.000000;0.000000;0.000000;0.000000;0.000000;0.000000;0.000000;0.000000;n3u+uoDl3bqYA9G2;1723745019
2235.194000;0.627930;0.013928;0.000000;700662;rOuiQhqe5D4BK2pC;uZ23Pf38hkOSSqs/;0.000000;0.000000;0.000000;0.000000;0.000000;0.000000;0.000000;0.000000;n3u+uoDl3bqYA9G2;1723745019
2235.208000;0.641846;0.013920;0.000000;700663;rOuiQkKa5D4BK2pC;IJOzPf78hkOASqs/;0.000000;0.000000;0.000000;0.000000;0.000000;0.000000;0.000000;0.000000;i267uoD97LqDZu22;1723745019
2235.222000;0.655518;0.013917;0.000000;700664;reuiQjiW5D4BK2pC;XZivPf/8hkNSSqs/;0.000000;0.000000;0.000000;0.000000;0.000000;0.000000;0.000000;0.000000;LW+4uoAN9rpxygS3;1723745019
2235.236000;0.669434;0.013909;0.000000;700665;reuiQjiW5D4BK2pC;XZivPf/8hkNSSqs/;0.000000;0.000000;0.000000;0.000000;0.000000;0.000000;0.000000;0.000000;LW+4uoAN9rpxygS3;1723745019
2235.250000;0.683350;0.013904;0.000000;700666;reuiQhyS5D4BK2pC;qa6rPQD9hkNDSqs/;0.000000;0.000000;0.000000;0.000000;0.000000;0.000000;0.000000;0.000000;AXW1uoC2+bq84g+3;1723745019
2235.264000;0.697266;0.013901;0.000000;700667;reuiQgaO5D4BK2pC;cdWnPQD9hkMISqs/;0.000000;0.000000;0.000000;0.000000;0.000000;0.000000;0.000000;0.000000;DXqyuoCi+LrwARu3;1723745019
2235.278000;0.711182;0.013915;0.000000;700668;reuiQgaO5D4BK2pC;cdWnPQD9hkMISqs/;0.000000;0.000000;0.000000;0.000000;0.000000;0.000000;0.000000;0.000000;DXqyuoCi+LrwARu3;1723745019
2235.292000;0.725342;0.013962;0.000000;700669;ruuiQvqJ5D4BK2pC;cQukPQH9hkPQSas/;0.000000;0.000000;0.000000;0.000000;0.000000;0.000000;0.000000;0.000000;ToavugDK8rp3XCS3;1723745019
2235.306000;0.739258;0.013948;0.000000;700670;ruuiQiqG5D4BK2pC;IFOgPQL9hkOqSas/;0.000000;0.000000;0.000000;0.000000;0.000000;0.000000;0.000000;0.000000;R4isuoAu6bo9XSy3;1723745019
2235.320000;0.753174;0.013936;0.000000;700671;ruuiQiqG5D4BK2pC;IFOgPQL9hkOqSas/;0.000000;0.000000;0.000000;0.000000;0.000000;0.000000;0.000000;0.000000;R4isuoAu6bo9XSy3;1723745019
2235.333000;0.767090;0.013926;0.000000;700672;r+uiQo6C5D4CK2pC;o6qcPQP9hkN6Sas/;0.000000;0.000000;0.000000;0.000000;0.000000;0.000000;0.000000;0.000000;moKpuoD93LpbAjK3;1723745019
2235.348000;0.781250;0.013962;0.000000;700673;sOuiQj5/5D4CK2pC;HxWZPQT9hkM2Sas/;0.000000;0.000000;0.000000;0.000000;0.000000;0.000000;0.000000;0.000000;iG+muoBgzrqTGzi3;1723745019
2235.362000;0.795166;0.013948;0.000000;700674;seuiQkJ85D4CK2pC;No6VPQX9hkP9SKs/;0.000000;0.000000;0.000000;0.000000;0.000000;0.000000;0.000000;0.000000;UVyjuoDFvbqVgjq3;1723745019
2235.375000;0.809082;0.013937;0.000000;700675;seuiQkJ85D4CK2pC;No6VPQX9hkP9SKs/;0.000000;0.000000;0.000000;0.000000;0.000000;0.000000;0.000000;0.000000;UVyjuoDFvbqVgjq3;1723745019
2235.389000;0.822754;0.013927;0.000000;700676;suuiQph55D4CK2pC;phmSPQb9hkO3SKs/;0.000000;0.000000;0.000000;0.000000;0.000000;0.000000;0.000000;0.000000;sjOguoArrLqWDjy3;1723745019
2235.403000;0.836670;0.013920;0.000000;700677;suuiQlB35D4CK2pC;1LaOPQb9hkNzSKs/;0.000000;0.000000;0.000000;0.000000;0.000000;0.000000;0.000000;0.000000;UgeduoBCmbqu5Ty3;1723745019
2235.417000;0.851074;0.013983;0.000000;700678;suuiQlB35D4CK2pC;1LaOPQb9hkNzSKs/;0.000000;0.000000;0.000000;0.000000;0.000000;0.000000;0.000000;0.000000;UgeduoBCmbqu5Ty3;1723745019
2235.432000;0.865234;0.014015;0.000000;700679;s+uiQlp15D4CK2pC;GGWLPQf9hkM5SKs/;0.000000;0.000000;0.000000;0.000000;0.000000;0.000000;0.000000;0.000000;48mZuoAph7p+kju3;1723745019
2235.445000;0.878906;0.013990;0.000000;700680;tOuiQrZz5D4CK2pC;GiWIPQj9hkPsR6s/;0.000000;0.000000;0.000000;0.000000;0.000000;0.000000;0.000000;0.000000;O4uWugANabrI8Dm3;1723745019
2235.459000;0.892822;0.013969;0.000000;700681;tOuiQrZz5D4CK2pC;GiWIPQj9hkPsR6s/;0.000000;0.000000;0.000000;0.000000;0.000000;0.000000;0.000000;0.000000;O4uWugANabrI8Dm3;1723745019
2235.473000;0.906738;0.013954;0.000000;700682;tOuiQnJy5D4CK2pC;q/iEPQn9hkO8R6s/;0.000000;0.000000;0.000000;0.000000;0.000000;0.000000;0.000000;0.000000;AkWTugCKRbpJPDa3;1723745019
2235.487000;0.920654;0.013940;0.000000;700683;teuiQoRx5D4CK2pC;aN2BPQr9hkOBR6s/;0.000000;0.000000;0.000000;0.000000;0.000000;0.000000;0.000000;0.000000;Fv+PugA2I7qqGDO3;1723745019
2235.501000;0.934570;0.013931;0.000000;700684;teuiQuJw5D4CK2pC;Wap9PQr9hkNIR6s/;0.000000;0.000000;0.000000;0.000000;0.000000;0.000000;0.000000;0.000000;RrGMugAzBLqyZS+3;1723745019
2235.515000;0.948486;0.013922;0.000000;700685;teuiQuJw5D4CK2pC;Wap9PQr9hkNIR6s/;0.000000;0.000000;0.000000;0.000000;0.000000;0.000000;0.000000;0.000000;RrGMugAzBLqyZS+3;1723745019
2235.529000;0.962402;0.013915;0.000000;700686;tuuiQoJw5D4CK2pC;Pb13PQr9hkP5Rqs/;0.000000;0.000000;0.000000;0.000000;0.000000;0.000000;0.000000;0.000000;K2qJugA6zrlK5Si3;1723745019
2235.543000;0.976318;0.013911;0.000000;700687;tuuiQmhw5D4CK2pC;qfNxPQv9hkO/Rqs/;0.000000;0.000000;0.000000;0.000000;0.000000;0.000000;0.000000;0.000000;VS2GugC6l7nGuiK3;1723745019
2235.557000;0.990234;0.013906;0.000000;700688;tuuiQmhw5D4CK2pC;qfNxPQv9hkO/Rqs/;0.000000;0.000000;0.000000;0.000000;0.000000;0.000000;0.000000;0.000000;VS2GugC6l7nGuiK3;1723745019
2235.571000;1.004150;0.013940;0.000000;700689;tuuiQoBw5D4CK2pC;uk5sPQz9hkOPRqs/;0.000000;0.000000;0.000000;0.000000;0.000000;0.000000;0.000000;0.000000;mumCugAoVLl4uBy3;1723745019
2235.585000;1.018311;0.013971;0.000000;700690;tuuiQshw5D4CK2pC;Y81mPQz9hkNMRqs/;0.000000;0.000000;0.000000;0.000000;0.000000;0.000000;0.000000;0.000000;xnd/ugBo/7iMYha3;1723745019
2235.599000;1.032227;0.013967;0.000000;700691;tuuiQshw5D4CK2pC;Y81mPQz9hkNMRqs/;0.000000;0.000000;0.000000;0.000000;0.000000;0.000000;0.000000;0.000000;xnd/ugBo/7iMYha3;1723745019
2235.613000;1.046143;0.013960;0.000000;700692;tuuiQkZx5D4CK2pC;Wm9hPQz9hkMrRqs/;0.000000;0.000000;0.000000;0.000000;0.000000;0.000000;0.000000;0.000000;gSl5ugDwZ7jrKw+3;1723745020
2235.627000;1.060303;0.013977;0.000000;700693;t+uiQtpx5D4CK2pC;qzNcPQ39hkMHRqs/;0.000000;0.000000;0.000000;0.000000;0.000000;0.000000;0.000000;0.000000;4/RyugAAwLPBvQm3;1723745020
2235.641000;1.074219;0.013973;0.000000;700694;uOuiQohy5D4CK2pC;fRdXPQ79hkPCRas/;0.000000;0.000000;0.000000;0.000000;0.000000;0.000000;0.000000;0.000000;W9dsugAQMTiWGQS3;1723745020
2235.655000;1.088379;0.014017;0.000000;700695;uOuiQohy5D4CK2pC;fRdXPQ79hkPCRas/;0.000000;0.000000;0.000000;0.000000;0.000000;0.000000;0.000000;0.000000;W9dsugAQMTiWGQS3;1723745020
2235.669000;1.102295;0.014002;0.000000;700696;ueuiQk5z5D4CK2pC;+xpSPQ79hkOyRas/;0.000000;0.000000;0.000000;0.000000;0.000000;0.000000;0.000000;0.000000;wtlmugBInThuo/m2;1723745020
2235.683000;1.116211;0.014001;0.000000;700697;ueuiQhx05D4CK2pC;qEBNPQ79hkOARas/;0.000000;0.000000;0.000000;0.000000;0.000000;0.000000;0.000000;0.000000;rf9gugD4zTg4NvG2;1723745020
2235.697000;1.130127;0.013978;0.000000;700698;ueuiQhx05D4CK2pC;qEBNPQ79hkOARas/;0.000000;0.000000;0.000000;0.000000;0.000000;0.000000;0.000000;0.000000;rf9gugD4zTg4NvG2;1723745020
2235.711000;1.144287;0.014003;0.000000;700699;uuuiQvJ05D4CK2pC;uIRIPQ/9hkNjRas/;0.000000;0.000000;0.000000;0.000000;0.000000;0.000000;0.000000;0.000000;tVJbugAg7TjcHOa2;1723745020
2235.725000;1.158203;0.013981;0.000000;700700;uuuiQsR15D4CK2pC;vOlDPRD9hkNGRas/;0.000000;0.000000;0.000000;0.000000;0.000000;0.000000;0.000000;0.000000;9sdVugDY+zhmMdu2;1723745020
2235.739000;1.172119;0.013965;0.000000;700701;uuuiQsR15D4CK2pC;vOlDPRD9hkNGRas/;0.000000;0.000000;0.000000;0.000000;0.000000;0.000000;0.000000;0.000000;9sdVugDY+zhmMdu2;1723745020
2235.752000;1.186035;0.013950;0.000000;700702;u+uiQpZ25D4DK2pC;2Gs/PRD9hkM0Ras/;0.000000;0.000000;0.000000;0.000000;0.000000;0.000000;0.000000;0.000000;H2ZQugDY+jgnUtC2;1723745020
2235.766000;1.199951;0.013938;0.000000;700703;u+uiQl535D4DK2pC;cww7PRD9hkMNRas/;0.000000;0.000000;0.000000;0.000000;0.000000;0.000000;0.000000;0.000000;CyxLugCI7zjrtMq2;1723745020
2235.781000;1.214355;0.014024;0.000000;700704;vOuiQhp45D4DK2pC;SsY2PRH9hkPnRKs/;0.000000;0.000000;0.000000;0.000000;0.000000;0.000000;0.000000;0.000000;fxxGugCQ1zgxdsK2;1723745020
2235.795000;1.228271;0.014032;0.000000;700705;vOuiQhp45D4DK2pC;SsY2PRH9hkPnRKs/;0.000000;0.000000;0.000000;0.000000;0.000000;0.000000;0.000000;0.000000;fxxGugCQ1zgxdsK2;1723745020
2235.809000;1.242188;0.014019;0.000000;700706;vOuiQs545D4DK2pC;epkyPRL9hkPURKs/;0.000000;0.000000;0.000000;0.000000;0.000000;0.000000;0.000000;0.000000;ATBBugD4tjgM9bm2;1723745020
2235.823000;1.256104;0.013993;0.000000;700707;vOuiQnJ55D4DK2pC;EYYuPRL9hkPCRKs/;0.000000;0.000000;0.000000;0.000000;0.000000;0.000000;0.000000;0.000000;ymw8ugDYkDhB07W2;1723745020
2235.837000;1.270264;0.014012;0.000000;700708;vOuiQnJ55D4DK2pC;EYYuPRL9hkPCRKs/;0.000000;0.000000;0.000000;0.000000;0.000000;0.000000;0.000000;0.000000;ymw8ugDYkDhB07W2;1723745020
2235.851000;1.284180;0.013990;0.000000;700709;veuiQgJ65D4DK2pC;KZIqPRL9hkOlRKs/;0.000000;0.000000;0.000000;0.000000;0.000000;0.000000;0.000000;0.000000;QMo3ugAwSjgLmK62;1723745020
2235.865000;1.298096;0.013967;0.000000;700710;veuiQoB65D4DK2pC;BLQmPRL9hkN9RKs/;0.000000;0.000000;0.000000;0.000000;0.000000;0.000000;0.000000;0.000000;G08zugDAxDdec6e2;1723745020
2235.878000;1.312012;0.013971;0.000000;700711;veuiQoB65D4DK2pC;BLQmPRL9hkN9RKs/;0.000000;0.000000;0.000000;0.000000;0.000000;0.000000;0.000000;0.000000;G08zugDAxDdec6e2;1723745020
2235.892000;1.325928;0.013955;0.000000;700712;veuiQu565D4DK2pC;/+4iPRP9hkOARKs/;0.000000;0.000000;0.000000;0.000000;0.000000;0.000000;0.000000;0.000000;RQovugAA6DU3UqK2;1723745020
2235.907000;1.340332;0.014059;0.000000;700713;veuiQkp75D4DK2pC;Oz4fPRT9hkNZRKs/;0.000000;0.000000;0.000000;0.000000;0.000000;0.000000;0.000000;0.000000;CeEqugBgtben6p+2;1723745020
2235.921000;1.354248;0.014025;0.000000;700714;veuiQpp75D4DK2pC;+6YbPRT9hkNZRKs/;0.000000;0.000000;0.000000;0.000000;0.000000;0.000000;0.000000;0.000000;td0mugAwOLjj5Zq2;1723745020
2235.935000;1.368164;0.014010;0.000000;700715;veuiQpp75D4DK2pC;+6YbPRT9hkNZRKs/;0.000000;0.000000;0.000000;0.000000;0.000000;0.000000;0.000000;0.000000;td0mugAwOLjj5Zq2;1723745020
2235.949000;1.382568;0.014101;0.000000;700716;veuiQsx75D4DK2pC;9R8YPRT9hkMpRKs/;0.000000;0.000000;0.000000;0.000000;0.000000;0.000000;0.000000;0.000000;1fYiugBwhriU8pu2;1723745020
2235.963000;1.396973;0.014150;0.000000;700717;veuiQvB75D4DK2pC;gbIUPRT9hkMMRKs/;0.000000;0.000000;0.000000;0.000000;0.000000;0.000000;0.000000;0.000000;ey0fugCwsri4FpW2;1723745020
2235.977000;1.410889;0.014114;0.000000;700718;veuiQvB75D4DK2pC;gbIUPRT9hkMMRKs/;0.000000;0.000000;0.000000;0.000000;0.000000;0.000000;0.000000;0.000000;ey0fugCwsri4FpW2;1723745020
2235.991000;1.425049;0.014121;0.000000;700719;veuiQhB85D4DK2pC;glYRPRX9hkPuQ6s/;0.000000;0.000000;0.000000;0.000000;0.000000;0.000000;0.000000;0.000000;zocbugAQ1rjWtpK2;1723745020
2236.005000;1.438965;0.014083;0.000000;700720;vOuiQiB85D4DK2pC;KhAOPRb9hkPvQ6s/;0.000000;0.000000;0.000000;0.000000;0.000000;0.000000;0.000000;0.000000;IfIXugAA97jvgo62;1723745020
2236.020000;1.453125;0.014057;0.000000;700721;vOuiQiB85D4DK2pC;KhAOPRb9hkPvQ6s/;0.000000;0.000000;0.000000;0.000000;0.000000;0.000000;0.000000;0.000000;IfIXugAA97jvgo62;1723745020
2236.033000;1.467041;0.014023;0.000000;700722;vOuiQiB85D4DK2pC;It4KPRb9hkPdQ6s/;0.000000;0.000000;0.000000;0.000000;0.000000;0.000000;0.000000;0.000000;0oAUugAMCrmxR4+2;1723745020
2236.047000;1.480957;0.014011;0.000000;700723;veuiQhZ85D4DK2pC;UrsHPRb9hkPKQ6s/;0.000000;0.000000;0.000000;0.000000;0.000000;0.000000;0.000000;0.000000;vSIRugC0GLmLJ422;1723745020
2236.061000;1.494873;0.014020;0.000000;700724;vuuiQhJ85D4DK2pC;SK8EPRb9hkO3Q6s/;0.000000;0.000000;0.000000;0.000000;0.000000;0.000000;0.000000;0.000000;vuoNugB8ILmTHY22;1723745020
2236.075000;1.508789;0.013995;0.000000;700725;vuuiQhJ85D4DK2pC;SK8EPRb9hkO3Q6s/;0.000000;0.000000;0.000000;0.000000;0.000000;0.000000;0.000000;0.000000;vuoNugB8ILmTHY22;1723745020
2236.089000;1.522949;0.014008;0.000000;700726;vuuiQvh75D4DK2pC;1K8BPRb9hkOjQ6s/;0.000000;0.000000;0.000000;0.000000;0.000000;0.000000;0.000000;0.000000;2rUKugBALLkm+Yq2;1723745020
2236.103000;1.536865;0.013984;0.000000;700727;v+uiQtZ75D4DK2pC;84v9PBf9hkOGQ6s/;0.000000;0.000000;0.000000;0.000000;0.000000;0.000000;0.000000;0.000000;bJwHugDIMLkUnom2;1723745020
2236.117000;1.551025;0.014021;0.000000;700728;v+uiQtZ75D4DK2pC;84v9PBf9hkOGQ6s/;0.000000;0.000000;0.000000;0.000000;0.000000;0.000000;0.000000;0.000000;bJwHugDIMLkUnom2;1723745020
2236.131000;1.564941;0.013995;0.000000;700729;wOuiQrh75D4DK2pC;gMz3PBf9hkNnQ6s/;0.000000;0.000000;0.000000;0.000000;0.000000;0.000000;0.000000;0.000000;g50EugBsM7lIboi2;1723745020
2236.145000;1.578613;0.013973;0.000000;700730;wOuiQpJ75D4DK2pC;BjjyPBj9hkNXQ6s/;0.000000;0.000000;0.000000;0.000000;0.000000;0.000000;0.000000;0.000000;eZ4BugA0NrlHVYS2;1723745020
2236.159000;1.592529;0.013956;0.000000;700731;wOuiQpJ75D4DK2pC;BjjyPBj9hkNXQ6s/;0.000000;0.000000;0.000000;0.000000;0.000000;0.000000;0.000000;0.000000;eZ4BugA0NrlHVYS2;1723745020
2236.173000;1.606445;0.013944;0.000000;700732;weuiQmx75D4DK2pC;q8TsPBj9hkM5Q6s/;0.000000;0.000000;0.000000;0.000000;0.000000;0.000000;0.000000;0.000000;KnL9uQD8N7kLYYK2;1723745020
2236.187000;1.620605;0.013982;0.000000;700733;weuiQkh75D4DK2pC;WWXnPBj9hkMvQ6s/;0.000000;0.000000;0.000000;0.000000;0.000000;0.000000;0.000000;0.000000;Fdb3uQCQNLkfdYG2;1723745020
2236.201000;1.634521;0.013975;0.000000;700734;wuuiQh575D4DK2pC;pi7iPBj9hkMnQ6s/;0.000000;0.000000;0.000000;0.000000;0.000000;0.000000;0.000000;0.000000;HVDyuQC8Mbmyt3+2;1723745020
2236.215000;1.648926;0.014030;0.000000;700735;wuuiQh575D4DK2pC;pi7iPBj9hkMnQ6s/;0.000000;0.000000;0.000000;0.000000;0.000000;0.000000;0.000000;0.000000;HVDyuQC8Mbmyt3+2;1723745020
2236.229000;1.663086;0.014049;0.000000;700736;wuuiQvx65D4DK2pC;IRHdPBj9hkMKQ6s/;0.000000;0.000000;0.000000;0.000000;0.000000;0.000000;0.000000;0.000000;uu3suQB0K7lbe4C2;1723745020
2236.244000;1.677246;0.014089;0.000000;700737;wuuiQtZ65D4DK2pC;CxLYPBn9hkP/Qqs/;0.000000;0.000000;0.000000;0.000000;0.000000;0.000000;0.000000;0.000000;F6HnuQAgJ7lnyHq2;1723745020
2236.258000;1.691162;0.014049;0.000000;700738;wuuiQtZ65D4DK2pC;CxLYPBn9hkP/Qqs/;0.000000;0.000000;0.000000;0.000000;0.000000;0.000000;0.000000;0.000000;F6HnuQAgJ7lnyHq2;1723745020
2236.271000;1.705078;0.014017;0.000000;700739;w+uiQrR65D4DK2pC;gzHTPBn9hkPkQqs/;0.000000;0.000000;0.000000;0.000000;0.000000;0.000000;0.000000;0.000000;HmDiuQBwIrmgq3m2;1723745020
2236.285000;1.718994;0.013992;0.000000;700740;w+uiQph65D4DK2pC;12zOPBn9hkPRQqs/;0.000000;0.000000;0.000000;0.000000;0.000000;0.000000;0.000000;0.000000;9VXduQAMGrkdQ3K2;1723745020
2236.299000;1.732666;0.013971;0.000000;700741;w+uiQph65D4DK2pC;12zOPBn9hkPRQqs/;0.000000;0.000000;0.000000;0.000000;0.000000;0.000000;0.000000;0.000000;9VXduQAMGrkdQ3K2;1723745020
2236.313000;1.746582;0.013955;0.000000;700742;w+uiQnR65D4DK2pC;WcHJPBr9hkO8Qqs/;0.000000;0.000000;0.000000;0.000000;0.000000;0.000000;0.000000;0.000000;oEbYuQDkFLleqXK2;1723745020
2236.327000;1.760498;0.013942;0.000000;700743;xOuiQmB65D4DK2pC;Ji/FPBr9hkOpQqs/;0.000000;0.000000;0.000000;0.000000;0.000000;0.000000;0.000000;0.000000;uGXTuQDMC7nzX2u2;1723745020
2236.341000;1.774414;0.013931;0.000000;700744;xOuiQkp65D4DK2pC;7bjAPBr9hkOLQqs/;0.000000;0.000000;0.000000;0.000000;0.000000;0.000000;0.000000;0.000000;xp7OuQAcBLlFg2m2;1723745020
2236.355000;1.788330;0.013924;0.000000;700745;xOuiQkp65D4DK2pC;7bjAPBr9hkOLQqs/;0.000000;0.000000;0.000000;0.000000;0.000000;0.000000;0.000000;0.000000;xp7OuQAcBLlFg2m2;1723745020
2236.369000;1.802490;0.013966;0.000000;700746;xOuiQkR65D4DK2pC;CGG8PBr9hkOWQqs/;0.000000;0.000000;0.000000;0.000000;0.000000;0.000000;0.000000;0.000000;cOLJuQB4+LhFFGK2;1723745020
2236.383000;1.816406;0.013950;0.000000;700747;xOuiQjR65D4DK2pC;gB24PBr9hkONQqs/;0.000000;0.000000;0.000000;0.000000;0.000000;0.000000;0.000000;0.000000;TULFuQDw6rit+GC2;1723745020
2236.397000;1.830322;0.013964;0.000000;700748;xOuiQjR65D4DK2pC;gB24PBr9hkONQqs/;0.000000;0.000000;0.000000;0.000000;0.000000;0.000000;0.000000;0.000000;TULFuQDw6rit+GC2;1723745020
2236.411000;1.844482;0.014006;0.000000;700749;xeuiQh565D4DK2pC;CvOzPBv9hkNcQqs/;0.000000;0.000000;0.000000;0.000000;0.000000;0.000000;0.000000;0.000000;grzAuQCY3LgzkmK2;1723745020
2236.425000;1.858398;0.013999;0.000000;700750;xeuiQhh65D4DK2pC;2t+vPBr9hkNGQqs/;0.000000;0.000000;0.000000;0.000000;0.000000;0.000000;0.000000;0.000000;umC8uQCYzbiI11e2;1723745020
2236.439000;1.872559;0.013997;0.000000;700751;xeuiQhh65D4DK2pC;2t+vPBr9hkNGQqs/;0.000000;0.000000;0.000000;0.000000;0.000000;0.000000;0.000000;0.000000;umC8uQCYzbiI11e2;1723745020
2236.453000;1.886475;0.013976;0.000000;700752;xeuiQhZ65D4DK2pC;qOqrPBv9hkNJQqs/;0.000000;0.000000;0.000000;0.000000;0.000000;0.000000;0.000000;0.000000;e/C3uQBowbgcxk62;1723745020
2236.467000;1.900391;0.013958;0.000000;700753;xeuiQhJ65D4DK2pC;8QmoPBv9hkM2Qqs/;0.000000;0.000000;0.000000;0.000000;0.000000;0.000000;0.000000;0.000000;a8izuQB4sbh2WU22;1723745020
2236.480000;1.914063;0.013945;0.000000;700754;xeuiQhh65D4DK2pC;1D+kPBz9hkMXQqs/;0.000000;0.000000;0.000000;0.000000;0.000000;0.000000;0.000000;0.000000;b5CvuQAQqrhep0y2;1723745020
2236.494000;1.927979;0.013934;0.000000;700755;xeuiQhh65D4DK2pC;1D+kPBz9hkMXQqs/;0.000000;0.000000;0.000000;0.000000;0.000000;0.000000;0.000000;0.000000;b5CvuQAQqrhep0y2;1723745020
2236.508000;1.941895;0.013925;0.000000;700756;xeuiQhh65D4DK2pC;jIygPBz9hkMYQqs/;0.000000;0.000000;0.000000;0.000000;0.000000;0.000000;0.000000;0.000000;lIGruQCwnbg7LUC2;1723745020
2236.522000;1.955811;0.013918;0.000000;700757;xeuiQhp65D4DK2pC;he2cPBz9hkMFQqs/;0.000000;0.000000;0.000000;0.000000;0.000000;0.000000;0.000000;0.000000;GnqnuQDAl7gTi0K2;1723745020
2236.536000;1.969727;0.013912;0.000000;700758;xeuiQhp65D4DK2pC;he2cPBz9hkMFQqs/;0.000000;0.000000;0.000000;0.000000;0.000000;0.000000;0.000000;0.000000;GnqnuQDAl7gTi0K2;1723745020
2236.550000;1.983643;0.013907;0.000000;700759;xeuiQiR65D4DK2pC;eGqZPBz9hkP8Qas/;0.000000;0.000000;0.000000;0.000000;0.000000;0.000000;0.000000;0.000000;YqqjuQCwibhcJD22;1723745020
2236.564000;1.997559;0.013904;0.000000;700760;xeuiQih65D4DK2pC;8/OVPBz9hkPnQas/;0.000000;0.000000;0.000000;0.000000;0.000000;0.000000;0.000000;0.000000;h9afuQBoiLjg4Ti2;1723745020
2236.578000;2.011475;0.013900;0.000000;700761;xeuiQih65D4DK2pC;8/OVPBz9hkPnQas/;0.000000;0.000000;0.000000;0.000000;0.000000;0.000000;0.000000;0.000000;h9afuQBoiLjg4Ti2;1723745020
2236.592000;2.025391;0.013907;0.000000;700762;xeuiQjB65D4DK2pC;X5SSPBz9hkPeQas/;0.000000;0.000000;0.000000;0.000000;0.000000;0.000000;0.000000;0.000000;1RWcuQBQebh31TO2;1723745020
2236.606000;2.039551;0.013949;0.000000;700763;xeuiQjR65D4DK2pC;ZkuPPB39hkPLQas/;0.000000;0.000000;0.000000;0.000000;0.000000;0.000000;0.000000;0.000000;YGaYuQDwdLilNTK2;1723745020
2236.620000;2.053223;0.013937;0.000000;700764;xeuiQjR65D4DK2pC;ZkuPPB39hkPLQas/;0.000000;0.000000;0.000000;0.000000;0.000000;0.000000;0.000000;0.000000;YGaYuQDwdLilNTK2;1723745021
2236.634000;2.067383;0.013946;0.000000;700765;xeuiQkJ65D4DK2pC;yxaMPB39hkO2Qas/;0.000000;0.000000;0.000000;0.000000;0.000000;0.000000;0.000000;0.000000;wPSUuQDwYbgaXiu2;1723745021
2236.648000;2.081543;0.014017;0.000000;700766;xeuiQkp65D4DK2pC;ovGIPB39hkOjQas/;0.000000;0.000000;0.000000;0.000000;0.000000;0.000000;0.000000;0.000000;ym6RuQBQXbgnJyW2;1723745021
2236.662000;2.095459;0.013987;0.000000;700767;xOuiQk565D4DK2pC;4+eFPB39hkOZQas/;0.000000;0.000000;0.000000;0.000000;0.000000;0.000000;0.000000;0.000000;nACOuQDgWrgs9yG2;1723745021
2236.676000;2.109619;0.014019;0.000000;700768;xOuiQk565D4DK2pC;4+eFPB39hkOZQas/;0.000000;0.000000;0.000000;0.000000;0.000000;0.000000;0.000000;0.000000;nACOuQDgWrgs9yG2;1723745021
2236.690000;2.123779;0.014056;0.000000;700769;xOuiQlh65D4DK2pC;FuaCPB39hkOJQas/;0.000000;0.000000;0.000000;0.000000;0.000000;0.000000;0.000000;0.000000;MNWKuQBAS7jfyB22;1723745021
2236.704000;2.137695;0.014019;0.000000;700770;xOuiQmB65D4DK2pC;ovB/PB79hkNyQas/;0.000000;0.000000;0.000000;0.000000;0.000000;0.000000;0.000000;0.000000;o3+HuQBwTriFOxm2;1723745021
2236.718000;2.151611;0.013994;0.000000;700771;xOuiQmB65D4DK2pC;ovB/PB79hkNyQas/;0.000000;0.000000;0.000000;0.000000;0.000000;0.000000;0.000000;0.000000;o3+HuQBwTriFOxm2;1723745021
2236.732000;2.165771;0.014017;0.000000;700772;xOuiQnJ65D4DK2pC;1D16PB79hkNzQas/;0.000000;0.000000;0.000000;0.000000;0.000000;0.000000;0.000000;0.000000;tmOEuQBwQ7iw0hK2;1723745021
2236.746000;2.179688;0.014014;0.000000;700773;xOuiQn565D4DK2pC;sKl0PB79hkNeQas/;0.000000;0.000000;0.000000;0.000000;0.000000;0.000000;0.000000;0.000000;3kiBuQCQSbgOwxC2;1723745021
2236.760000;2.194092;0.014084;0.000000;700774;w+uiQnZ65D4EK2pC;nD1vPB79hkNLQas/;0.000000;0.000000;0.000000;0.000000;0.000000;0.000000;0.000000;0.000000;ibB8uQCgPriGGBC2;1723745021
2236.774000;2.208008;0.014044;0.000000;700775;w+uiQnZ65D4EK2pC;nD1vPB79hkNLQas/;0.000000;0.000000;0.000000;0.000000;0.000000;0.000000;0.000000;0.000000;ibB8uQCgPriGGBC2;1723745021
2236.788000;2.221924;0.014013;0.000000;700776;w+uiQoJ65D4EK2pC;rOVpPB79hkNNQas/;0.000000;0.000000;0.000000;0.000000;0.000000;0.000000;0.000000;0.000000;f8x2uQBwO7i1/gu2;1723745021
2236.802000;2.235840;0.013995;0.000000;700777;w+uiQop65D4EK2pC;ZqxkPB79hkM5Qas/;0.000000;0.000000;0.000000;0.000000;0.000000;0.000000;0.000000;0.000000;CeFwuQDASbjKdAe2;1723745021
2236.816000;2.250000;0.014048;0.000000;700778;w+uiQop65D4EK2pC;ZqxkPB79hkM5Qas/;0.000000;0.000000;0.000000;0.000000;0.000000;0.000000;0.000000;0.000000;CeFwuQDASbjKdAe2;1723745021
2236.830000;2.263916;0.014016;0.000000;700779;w+uiQox65D4EK2pC;yKBfPB79hkMuQas/;0.000000;0.000000;0.000000;0.000000;0.000000;0.000000;0.000000;0.000000;OUpruQCARbgKZAG2;1723745021
2236.845000;2.278320;0.014082;0.000000;700780;wuuiQpB65D4EK2pC;YqRaPB79hkMcQas/;0.000000;0.000000;0.000000;0.000000;0.000000;0.000000;0.000000;0.000000;zAhmuQCwObjcTAS2;1723745021
2236.859000;2.292480;0.014090;0.000000;700781;wuuiQpB65D4EK2pC;YqRaPB79hkMcQas/;0.000000;0.000000;0.000000;0.000000;0.000000;0.000000;0.000000;0.000000;zAhmuQCwObjcTAS2;1723745021
2236.873000;2.306396;0.014050;0.000000;700782;wuuiQpZ65D4EK2pC;MtVVPB/9hkMmQas/;0.000000;0.000000;0.000000;0.000000;0.000000;0.000000;0.000000;0.000000;QZ1guQCgP7ic1/y1;1723745021
2236.887000;2.320557;0.014086;0.000000;700783;wuuiQqh65D4EK2pC;mRpRPB/9hkMbQas/;0.000000;0.000000;0.000000;0.000000;0.000000;0.000000;0.000000;0.000000;0WlbuQCgQbhPmf+1;1723745021
2236.901000;2.334473;0.014075;0.000000;700784;weuiQqR65D4EK2pC;435MPB/9hkMSQas/;0.000000;0.000000;0.000000;0.000000;0.000000;0.000000;0.000000;0.000000;UF1WuQBgQ7hV+/a1;1723745021
2236.915000;2.348389;0.014038;0.000000;700785;weuiQqR65D4EK2pC;435MPB/9hkMSQas/;0.000000;0.000000;0.000000;0.000000;0.000000;0.000000;0.000000;0.000000;UF1WuQBgQ7hV+/a1;1723745021
2236.929000;2.362305;0.014008;0.000000;700786;weuiQqR65D4EK2pC;WftHPB/9hkP+QKs/;0.000000;0.000000;0.000000;0.000000;0.000000;0.000000;0.000000;0.000000;RYBRuQCQPrjNPPK1;1723745021
2236.943000;2.376221;0.013984;0.000000;700787;wOuiQqh65D4EK2pC;xZFDPB/9hkP1QKs/;0.000000;0.000000;0.000000;0.000000;0.000000;0.000000;0.000000;0.000000;HaZMuQAQQLiQsea1;1723745021
2236.957000;2.390137;0.013966;0.000000;700788;wOuiQqh65D4EK2pC;xZFDPB/9hkP1QKs/;0.000000;0.000000;0.000000;0.000000;0.000000;0.000000;0.000000;0.000000;HaZMuQAQQLiQsea1;1723745021
2236.970000;2.404053;0.013950;0.000000;700789;wOuiQqh65D4EK2pC;jzw/PB/9hkPqQKs/;0.000000;0.000000;0.000000;0.000000;0.000000;0.000000;0.000000;0.000000;tfJHuQAwPbhzjeC1;1723745021
2236.984000;2.417969;0.013938;0.000000;700790;weuiQqR65D4EK2pC;3QA7PB/9hkPYQKs/;0.000000;0.000000;0.000000;0.000000;0.000000;0.000000;0.000000;0.000000;ZFtDuQBQObh/Vee1;1723745021
2236.998000;2.431885;0.013928;0.000000;700791;weuiQqR65D4EK2pC;3QA7PB/9hkPYQKs/;0.000000;0.000000;0.000000;0.000000;0.000000;0.000000;0.000000;0.000000;ZFtDuQBQObh/Vee1;1723745021
2237.012000;2.445557;0.013921;0.000000;700792;weuiQqJ65D4EK2pC;Feg2PCD9hkPOQKs/;0.000000;0.000000;0.000000;0.000000;0.000000;0.000000;0.000000;0.000000;7cU+uQDQOLhtKdi1;1723745021
2237.026000;2.459473;0.013914;0.000000;700793;wuuiQqB65D4EK2pC;hd4yPCD9hkPPQKs/;0.000000;0.000000;0.000000;0.000000;0.000000;0.000000;0.000000;0.000000;3Vg6uQBQObiGN9K1;1723745021
2237.040000;2.473389;0.013909;0.000000;700794;wuuiQqB65D4EK2pC;hd4yPCD9hkPPQKs/;0.000000;0.000000;0.000000;0.000000;0.000000;0.000000;0.000000;0.000000;3Vg6uQBQObiGN9K1;1723745021
2237.054000;2.487305;0.013905;0.000000;700795;wuuiQpx65D4EK2pC;/vguPCD9hkPFQKs/;0.000000;0.000000;0.000000;0.000000;0.000000;0.000000;0.000000;0.000000;TDQ2uQCQNbjhlte1;1723745021
2237.068000;2.501709;0.014003;0.000000;700796;w+uiQpp65D4EK2pC;YxgrPCD9hkOxQKs/;0.000000;0.000000;0.000000;0.000000;0.000000;0.000000;0.000000;0.000000;sxAyuQDgMLi/R9a1;1723745021
2237.082000;2.515625;0.013988;0.000000;700797;w+uiQpp65D4EK2pC;JVsnPCD9hkOnQKs/;0.000000;0.000000;0.000000;0.000000;0.000000;0.000000;0.000000;0.000000;ltotuQDwKrgPDsa1;1723745021
2237.096000;2.530029;0.014065;0.000000;700798;w+uiQpp65D4EK2pC;JVsnPCD9hkOnQKs/;0.000000;0.000000;0.000000;0.000000;0.000000;0.000000;0.000000;0.000000;ltotuQDwKrgPDsa1;1723745021
2237.110000;2.543945;0.014030;0.000000;700799;xOuiQp565D4EK2pC;hbYjPCD9hkOoQKs/;0.000000;0.000000;0.000000;0.000000;0.000000;0.000000;0.000000;0.000000;8PIpuQCgJ7grVby1;1723745021
2237.124000;2.557861;0.014001;0.000000;700800;xOuiQqJ65D4EK2pC;pBwgPCD9hkOUQKs/;0.000000;0.000000;0.000000;0.000000;0.000000;0.000000;0.000000;0.000000;x/wluQCQKbiX2r21;1723745021
2237.138000;2.572021;0.014058;0.000000;700801;xOuiQqJ65D4EK2pC;pBwgPCD9hkOUQKs/;0.000000;0.000000;0.000000;0.000000;0.000000;0.000000;0.000000;0.000000;x/wluQCQKbiX2r21;1723745021
2237.152000;2.585938;0.014024;0.000000;700802;xeuiQp565D4EK2pC;bKEcPCD9hkOSQKs/;0.000000;0.000000;0.000000;0.000000;0.000000;0.000000;0.000000;0.000000;rD4iuQAwHLgygrS1;1723745021
2237.166000;2.599854;0.014008;0.000000;700803;xeuiQpp65D4EK2pC;DD8ZPCD9hkOJQKs/;0.000000;0.000000;0.000000;0.000000;0.000000;0.000000;0.000000;0.000000;unceuQCAH7hWfbO1;1723745021
2237.181000;2.614502;0.014102;0.000000;700804;xuuiQpp65D4EK2pC;aucVPCD9hkOAQKs/;0.000000;0.000000;0.000000;0.000000;0.000000;0.000000;0.000000;0.000000;H9gauQBwGbi9xrO1;1723745021
2237.195000;2.628174;0.014059;0.000000;700805;xuuiQpp65D4EK2pC;aucVPCD9hkOAQKs/;0.000000;0.000000;0.000000;0.000000;0.000000;0.000000;0.000000;0.000000;H9gauQBwGbi9xrO1;1723745021
2237.208000;2.642090;0.014025;0.000000;700806;xuuiQph65D4EK2pC;CKMSPCD9hkOJQKs/;0.000000;0.000000;0.000000;0.000000;0.000000;0.000000;0.000000;0.000000;T1YXuQDgFbhYga61;1723745021
2237.223000;2.656250;0.014015;0.000000;700807;x+uiQph65D4EK2pC;r3MPPCD9hkOBQKs/;0.000000;0.000000;0.000000;0.000000;0.000000;0.000000;0.000000;0.000000;K+YTuQAwELjPBLK1;1723745021
2237.236000;2.669922;0.013990;0.000000;700808;x+uiQph65D4EK2pC;r3MPPCD9hkOBQKs/;0.000000;0.000000;0.000000;0.000000;0.000000;0.000000;0.000000;0.000000;K+YTuQAwELjPBLK1;1723745021
2237.250000;2.683838;0.013970;0.000000;700809;x+uiQpp65D4EK2pC;Q0kMPCD9hkNsQKs/;0.000000;0.000000;0.000000;0.000000;0.000000;0.000000;0.000000;0.000000;WncQuQAAD7gsGay1;1723745021
2237.264000;2.697754;0.013954;0.000000;700810;yOuiQp565D4EK2pC;NEIJPCH9hkNiQKs/;0.000000;0.000000;0.000000;0.000000;0.000000;0.000000;0.000000;0.000000;6ugMuQDADrh0VJ61;1723745021
2237.278000;2.711670;0.013941;0.000000;700811;yOuiQp565D4EK2pC;NEIJPCH9hkNiQKs/;0.000000;0.000000;0.000000;0.000000;0.000000;0.000000;0.000000;0.000000;6ugMuQDADrh0VJ61;1723745021
2237.292000;2.725586;0.013931;0.000000;700812;yOuiQp565D4EK2pC;cUUGPCH9hkNYQKs/;0.000000;0.000000;0.000000;0.000000;0.000000;0.000000;0.000000;0.000000;gs8JuQDgB7goL6G1;1723745021
2237.306000;2.739502;0.013922;0.000000;700813;yOuiQph65D4EK2pC;0VwDPCH9hkNPQKs/;0.000000;0.000000;0.000000;0.000000;0.000000;0.000000;0.000000;0.000000;mpcGuQAwBrgrYZu1;1723745021
2237.320000;2.753418;0.013916;0.000000;700814;yOuiQph65D4EK2pC;0VwDPCH9hkNPQKs/;0.000000;0.000000;0.000000;0.000000;0.000000;0.000000;0.000000;0.000000;mpcGuQAwBrgrYZu1;1723745021
2237.334000;2.767334;0.013910;0.000000;700815;yeuiQpZ65D4EK2pC;fY0APCH9hkNRQKs/;0.000000;0.000000;0.000000;0.000000;0.000000;0.000000;0.000000;0.000000;MKgDuQAg7rfGrJS1;1723745021
2237.348000;2.781250;0.013906;0.000000;700816;yeuiQpx65D4EK2pC;Tpr7OyH9hkNaQKs/;0.000000;0.000000;0.000000;0.000000;0.000000;0.000000;0.000000;0.000000;IIMAuQCAArh3dJa1;1723745021
2237.362000;2.795410;0.013995;0.000000;700817;yuuiQp565D4EK2pC;Hy/2OyH9hkNQQKs/;0.000000;0.000000;0.000000;0.000000;0.000000;0.000000;0.000000;0.000000;4CL7uAAg+LdWMpq1;1723745021
2237.376000;2.809570;0.014029;0.000000;700818;yuuiQp565D4EK2pC;Hy/2OyH9hkNQQKs/;0.000000;0.000000;0.000000;0.000000;0.000000;0.000000;0.000000;0.000000;4CL7uAAg+LdWMpq1;1723745021
2237.390000;2.823486;0.014001;0.000000;700819;yuuiQpJ65D4EK2pC;vNbwOyH9hkNIQKs/;0.000000;0.000000;0.000000;0.000000;0.000000;0.000000;0.000000;0.000000;aaz1uACg4LcCf5i1;1723745021
2237.404000;2.837646;0.013998;0.000000;700820;yuuiQpR65D4EK2pC;YbHrOyH9hkNFQKs/;0.000000;0.000000;0.000000;0.000000;0.000000;0.000000;0.000000;0.000000;v8XvuAAg47fdq5O1;1723745021
2237.418000;2.851563;0.014006;0.000000;700821;yuuiQpR65D4EK2pC;YbHrOyH9hkNFQKs/;0.000000;0.000000;0.000000;0.000000;0.000000;0.000000;0.000000;0.000000;v8XvuAAg47fdq5O1;1723745021
2237.432000;2.865479;0.013983;0.000000;700822;y+uiQpZ65D4EK2pC;nqDmOyH9hkNGQKs/;0.000000;0.000000;0.000000;0.000000;0.000000;0.000000;0.000000;0.000000;lz7quADg17dYk5O1;1723745021
2237.446000;2.879639;0.014019;0.000000;700823;y+uiQp565D4EK2pC;5KThOyH9hkMyQKs/;0.000000;0.000000;0.000000;0.000000;0.000000;0.000000;0.000000;0.000000;hNHkuABgzreJcZS1;1723745021
2237.460000;2.893555;0.013996;0.000000;700824;y+uiQp565D4EK2pC;5KThOyH9hkMyQKs/;0.000000;0.000000;0.000000;0.000000;0.000000;0.000000;0.000000;0.000000;hNHkuABgzreJcZS1;1723745021
2237.474000;2.907959;0.014094;0.000000;700825;y+uiQp565D4EK2pC;2drcOyL9hkMoQKs/;0.000000;0.000000;0.000000;0.000000;0.000000;0.000000;0.000000;0.000000;XpXfuABAwLcAiYq1;1723745021
2237.488000;2.921875;0.014053;0.000000;700826;zOuiQpx65D4EK2pC;jRvYOyL9hkMoQKs/;0.000000;0.000000;0.000000;0.000000;0.000000;0.000000;0.000000;0.000000;YjrauADA1LeXIHe1;1723745021
2237.502000;2.935791;0.014020;0.000000;700827;zOuiQp565D4EK2pC;/YTTOyH9hkMVQKs/;0.000000;0.000000;0.000000;0.000000;0.000000;0.000000;0.000000;0.000000;tCDVuACAyLdQuIG1;1723745021
2237.516000;2.949707;0.013994;0.000000;700828;zOuiQp565D4EK2pC;/YTTOyH9hkMVQKs/;0.000000;0.000000;0.000000;0.000000;0.000000;0.000000;0.000000;0.000000;tCDVuACAyLdQuIG1;1723745021
2237.530000;2.963623;0.013973;0.000000;700829;zOuiQpp65D4EK2pC;+AvPOyL9hkMLQKs/;0.000000;0.000000;0.000000;0.000000;0.000000;0.000000;0.000000;0.000000;UEbQuAAAw7fBE2+1;1723745021
2237.544000;2.977539;0.013956;0.000000;700830;zeuiQpx65D4EK2pC;pabKOyL9hkMXQKs/;0.000000;0.000000;0.000000;0.000000;0.000000;0.000000;0.000000;0.000000;85vLuAAAq7fMi2e1;1723745021
2237.558000;2.991455;0.013943;0.000000;700831;zeuiQpx65D4EK2pC;pabKOyL9hkMXQKs/;0.000000;0.000000;0.000000;0.000000;0.000000;0.000000;0.000000;0.000000;85vLuAAAq7fMi2e1;1723745021
2237.572000;3.005127;0.013932;0.000000;700832;zeuiQpx65D4EK2pC;p2DGOyL9hkMXQKs/;0.000000;0.000000;0.000000;0.000000;0.000000;0.000000;0.000000;0.000000;Cb3GuAAgureKlGm1;1723745021
2237.586000;3.019287;0.013966;0.000000;700833;zeuiQp565D4EK2pC;jDnCOyL9hkMNQKs/;0.000000;0.000000;0.000000;0.000000;0.000000;0.000000;0.000000;0.000000;HUrCuABAt7fjfHS1;1723745021
2237.600000;3.033203;0.013951;0.000000;700834;zeuiQp565D4EK2pC;jDnCOyL9hkMNQKs/;0.000000;0.000000;0.000000;0.000000;0.000000;0.000000;0.000000;0.000000;HUrCuABAt7fjfHS1;1723745021
2237.614000;3.047119;0.013938;0.000000;700835;zuuiQpx65D4EK2pC;sCW+OyL9hkMXQKs/;0.000000;0.000000;0.000000;0.000000;0.000000;0.000000;0.000000;0.000000;Q929uADgtLdA9l61;1723745022
2237.627000;3.061035;0.013928;0.000000;700836;zuuiQqB65D4EK2pC;Oxu6OyL9hkMXQKs/;0.000000;0.000000;0.000000;0.000000;0.000000;0.000000;0.000000;0.000000;koG5uADgqrfVG361;1723745022
2237.641000;3.074951;0.013921;0.000000;700837;zuuiQp565D4EK2pC;HDC2OyL9hkMMQKs/;0.000000;0.000000;0.000000;0.000000;0.000000;0.000000;0.000000;0.000000;7ey0uACAr7fsEGe1;1723745022
2237.655000;3.088867;0.013914;0.000000;700838;zuuiQp565D4EK2pC;HDC2OyL9hkMMQKs/;0.000000;0.000000;0.000000;0.000000;0.000000;0.000000;0.000000;0.000000;7ey0uACAr7fsEGe1;1723745022
2237.669000;3.102783;0.013910;0.000000;700839;zuuiQqB65D4EK2pC;Km6yOyL9hkMBQKs/;0.000000;0.000000;0.000000;0.000000;0.000000;0.000000;0.000000;0.000000;uCCxuADgobdYA2q1;1723745022
2237.683000;3.116455;0.013906;0.000000;700840;z+uiQqB65D4EK2pC;ErauOyL9hkMDQKs/;0.000000;0.000000;0.000000;0.000000;0.000000;0.000000;0.000000;0.000000;yh6tuABAnbf+VV21;1723745022
2237.697000;3.130371;0.013902;0.000000;700841;z+uiQqB65D4EK2pC;ErauOyL9hkMDQKs/;0.000000;0.000000;0.000000;0.000000;0.000000;0.000000;0.000000;0.000000;yh6tuABAnbf+VV21;1723745022
2237.711000;3.144775;0.013973;0.000000;700842;z+uiQp565D4EK2pC;h/2qOyL9hkPvP6s/;0.000000;0.000000;0.000000;0.000000;0.000000;0.000000;0.000000;0.000000;BMCouACgpbcromC1;1723745022
2237.725000;3.158691;0.013973;0.000000;700843;z+uiQqx65D4EK2pC;6XinOyL9hkP4P6s/;0.000000;0.000000;0.000000;0.000000;0.000000;0.000000;0.000000;0.000000;O+KkuACgnLfxi0K1;1723745022
2237.739000;3.172852;0.013997;0.000000;700844;z+uiQqx65D4EK2pC;6XinOyL9hkP4P6s/;0.000000;0.000000;0.000000;0.000000;0.000000;0.000000;0.000000;0.000000;O+KkuACgnLfxi0K1;1723745022
2237.753000;3.186768;0.013976;0.000000;700845;z+uiQqx65D4EK2pC;/QekOyL9hkPvP6s/;0.000000;0.000000;0.000000;0.000000;0.000000;0.000000;0.000000;0.000000;fwihuADgn7d/HVa1;1723745022
2237.767000;3.200684;0.013959;0.000000;700846;0OuiQqx65D4EK2pC;npagOyL9hkPlP6s/;0.000000;0.000000;0.000000;0.000000;0.000000;0.000000;0.000000;0.000000;W66duABglrcGIku1;1723745022
2237.781000;3.214355;0.013945;0.000000;700847;0OuiQqZ65D4EK2pC;IkSdOyL9hkPQP6s/;0.000000;0.000000;0.000000;0.000000;0.000000;0.000000;0.000000;0.000000;oVeauADggreMGzC1;1723745022
2237.795000;3.228271;0.013934;0.000000;700848;0OuiQqZ65D4EK2pC;IkSdOyL9hkPQP6s/;0.000000;0.000000;0.000000;0.000000;0.000000;0.000000;0.000000;0.000000;oVeauADggreMGzC1;1723745022
2237.809000;3.242188;0.013925;0.000000;700849;0OuiQqh65D4EK2pC;deaZOyL9hkPHP6s/;0.000000;0.000000;0.000000;0.000000;0.000000;0.000000;0.000000;0.000000;V3CWuACAiLfF4CS1;1723745022
2237.823000;3.256104;0.013918;0.000000;700850;0OuiQqh65D4EK2pC;qcWWOyL9hkO9P6s/;0.000000;0.000000;0.000000;0.000000;0.000000;0.000000;0.000000;0.000000;w3GSuACAl7dpryC1;1723745022
2237.836000;3.270020;0.013912;0.000000;700851;0OuiQqh65D4EK2pC;qcWWOyL9hkO9P6s/;0.000000;0.000000;0.000000;0.000000;0.000000;0.000000;0.000000;0.000000;w3GSuACAl7dpryC1;1723745022
2237.850000;3.283936;0.013908;0.000000;700852;0OuiQqZ65D4EK2pC;57mTOyL9hkPIP6s/;0.000000;0.000000;0.000000;0.000000;0.000000;0.000000;0.000000;0.000000;PTOPuABglLduTx+1;1723745022
2237.864000;3.297852;0.013904;0.000000;700853;0euiQqR65D4EK2pC;GLeQOyL9hkPJP6s/;0.000000;0.000000;0.000000;0.000000;0.000000;0.000000;0.000000;0.000000;6SqMuAAghLdxJCa1;1723745022
2237.878000;3.312012;0.013951;0.000000;700854;0euiQqR65D4EK2pC;GLeQOyL9hkPJP6s/;0.000000;0.000000;0.000000;0.000000;0.000000;0.000000;0.000000;0.000000;6SqMuAAghLdxJCa1;1723745022
2237.893000;3.326416;0.014060;0.000000;700855;0euiQqZ65D4EK2pC;EdSNOyL9hkPSP6s/;0.000000;0.000000;0.000000;0.000000;0.000000;0.000000;0.000000;0.000000;uuWIuABAc7d/SSa1;1723745022
2237.907000;3.340332;0.014026;0.000000;700856;0euiQqZ65D4EK2pC;AdyKOyL9hkPbP6s/;0.000000;0.000000;0.000000;0.000000;0.000000;0.000000;0.000000;0.000000;+xiGuABAcrdzny61;1723745022
2237.921000;3.354248;0.013998;0.000000;700857;0euiQqh65D4EK2pC;7gGIOyP9hkPbP6s/;0.000000;0.000000;0.000000;0.000000;0.000000;0.000000;0.000000;0.000000;LLmCuAAAa7dejz21;1723745022
2237.935000;3.368408;0.014035;0.000000;700858;0euiQqh65D4EK2pC;7gGIOyP9hkPbP6s/;0.000000;0.000000;0.000000;0.000000;0.000000;0.000000;0.000000;0.000000;LLmCuAAAa7dejz21;1723745022
2237.949000;3.382324;0.014016;0.000000;700859;0euiQqp65D4EK2pC;5TyFOyP9hkPcP6s/;0.000000;0.000000;0.000000;0.000000;0.000000;0.000000;0.000000;0.000000;teR+uADggbfahTW1;1723745022
2237.963000;3.396240;0.013990;0.000000;700860;0uuiQqh65D4EK2pC;v5aCOyP9hkPSP6s/;0.000000;0.000000;0.000000;0.000000;0.000000;0.000000;0.000000;0.000000;iMB4uABgh7ea+i+1;1723745022
2237.977000;3.410156;0.013987;0.000000;700861;0uuiQqh65D4EK2pC;v5aCOyP9hkPSP6s/;0.000000;0.000000;0.000000;0.000000;0.000000;0.000000;0.000000;0.000000;iMB4uABgh7ea+i+1;1723745022
2237.990000;3.424072;0.013962;0.000000;700862;0uuiQqZ65D4EK2pC;SwSAOyL9hkPKP6s/;0.000000;0.000000;0.000000;0.000000;0.000000;0.000000;0.000000;0.000000;45tzuABAabfunCm1;1723745022
2238.005000;3.438232;0.014023;0.000000;700863;0uuiQqR65D4EK2pC;x+J6OyP9hkO/P6s/;0.000000;0.000000;0.000000;0.000000;0.000000;0.000000;0.000000;0.000000;HHBuuAAAVbdPPSS1;1723745022
2238.019000;3.452637;0.014082;0.000000;700864;0uuiQqR65D4EK2pC;x+J6OyP9hkO/P6s/;0.000000;0.000000;0.000000;0.000000;0.000000;0.000000;0.000000;0.000000;HHBuuAAAVbdPPSS1;1723745022
2238.033000;3.466553;0.014043;0.000000;700865;0uuiQrB65D4EK2pC;Dud1OyL9hkPHP6s/;0.000000;0.000000;0.000000;0.000000;0.000000;0.000000;0.000000;0.000000;DlRouADAZbeOtxK1;1723745022
2238.047000;3.480469;0.014012;0.000000;700866;0uuiQqx65D4EK2pC;Bv9wOyL9hkPHP6s/;0.000000;0.000000;0.000000;0.000000;0.000000;0.000000;0.000000;0.000000;jaFjuABAYLdeuh+1;1723745022
2238.061000;3.494385;0.013987;0.000000;700867;0+uiQqx65D4EK2pC;sCpsOyL9hkO+P6s/;0.000000;0.000000;0.000000;0.000000;0.000000;0.000000;0.000000;0.000000;oE9euADASbdFxCG1;1723745022
2238.075000;3.508301;0.013968;0.000000;700868;0+uiQqx65D4EK2pC;sCpsOyL9hkO+P6s/;0.000000;0.000000;0.000000;0.000000;0.000000;0.000000;0.000000;0.000000;oE9euADASbdFxCG1;1723745022
2238.088000;3.521973;0.013952;0.000000;700869;0+uiQqx65D4EK2pC;iH9nOyL9hkO0P6s/;0.000000;0.000000;0.000000;0.000000;0.000000;0.000000;0.000000;0.000000;6vZYuACATLeWwB+1;1723745022
2238.103000;3.536621;0.014075;0.000000;700870;0+uiQrB65D4EK2pC;E+hiOyP9hkOfP6s/;0.000000;0.000000;0.000000;0.000000;0.000000;0.000000;0.000000;0.000000;cdlTuAAAPrdUTBK1;1723745022
2238.117000;3.550537;0.014037;0.000000;700871;0+uiQrB65D4EK2pC;E+hiOyP9hkOfP6s/;0.000000;0.000000;0.000000;0.000000;0.000000;0.000000;0.000000;0.000000;cdlTuAAAPrdUTBK1;1723745022
2238.131000;3.564453;0.014008;0.000000;700872;0+uiQq565D4EK2pC;GmZeOyP9hkOWP6s/;0.000000;0.000000;0.000000;0.000000;0.000000;0.000000;0.000000;0.000000;pRFPuABAPbfk0Qa1;1723745022
2238.145000;3.578369;0.013984;0.000000;700873;0+uiQqh65D4EK2pC;0/dZOyP9hkOCP6s/;0.000000;0.000000;0.000000;0.000000;0.000000;0.000000;0.000000;0.000000;gR9KuADAKbdJsPW0;1723745022
2238.159000;3.592285;0.013965;0.000000;700874;0+uiQqh65D4EK2pC;0/dZOyP9hkOCP6s/;0.000000;0.000000;0.000000;0.000000;0.000000;0.000000;0.000000;0.000000;gR9KuADAKbdJsPW0;1723745022
2238.173000;3.606201;0.013950;0.000000;700875;0+uiQqx65D4EK2pC;urJVOyL9hkODP6s/;0.000000;0.000000;0.000000;0.000000;0.000000;0.000000;0.000000;0.000000;NQdFuABAPLd6CcC0;1723745022
2238.186000;3.619873;0.013938;0.000000;700876;0+uiQqh65D4EK2pC;VIFROyL9hkOMP6s/;0.000000;0.000000;0.000000;0.000000;0.000000;0.000000;0.000000;0.000000;/xtAuADAYrcwY520;1723745022
2238.200000;3.633789;0.013928;0.000000;700877;1OuiQq565D4EK2pC;n2NNOyL9hkOMP6s/;0.000000;0.000000;0.000000;0.000000;0.000000;0.000000;0.000000;0.000000;wtM8uACAF7cJtNq0;1723745022
2238.214000;3.647705;0.013921;0.000000;700878;1OuiQq565D4EK2pC;n2NNOyL9hkOMP6s/;0.000000;0.000000;0.000000;0.000000;0.000000;0.000000;0.000000;0.000000;wtM8uACAF7cJtNq0;1723745022
2238.228000;3.661621;0.013914;0.000000;700879;1OuiQqh65D4EK2pC;glpJOyL9hkOEP6s/;0.000000;0.000000;0.000000;0.000000;0.000000;0.000000;0.000000;0.000000;MQw4uACALrcghrS0;1723745022
2238.242000;3.675537;0.013909;0.000000;700880;1OuiQqZ65D4EK2pC;rnlFOyL9hkONP6s/;0.000000;0.000000;0.000000;0.000000;0.000000;0.000000;0.000000;0.000000;0G8zuACAOreso8O0;1723745022
2238.256000;3.689453;0.013905;0.000000;700881;1OuiQqZ65D4EK2pC;rnlFOyL9hkONP6s/;0.000000;0.000000;0.000000;0.000000;0.000000;0.000000;0.000000;0.000000;0G8zuACAOreso8O0;1723745022
2238.270000;3.703369;0.013902;0.000000;700882;1OuiQqR65D4EK2pC;PsBBOyP9hkOYP6s/;0.000000;0.000000;0.000000;0.000000;0.000000;0.000000;0.000000;0.000000;sZgvuADAGrc8tMy0;1723745022
2238.284000;3.717285;0.013900;0.000000;700883;1OuiQqh65D4EK2pC;NvI9OyP9hkOEP6s/;0.000000;0.000000;0.000000;0.000000;0.000000;0.000000;0.000000;0.000000;9iUruABAJrcTL/S0;1723745022
2238.298000;3.731201;0.013898;0.000000;700884;1OuiQqh65D4EK2pC;NvI9OyP9hkOEP6s/;0.000000;0.000000;0.000000;0.000000;0.000000;0.000000;0.000000;0.000000;9iUruABAJrcTL/S0;1723745022
2238.312000;3.745117;0.013927;0.000000;700885;1OuiQrB65D4EK2pC;jHY6OyP9hkOWP6s/;0.000000;0.000000;0.000000;0.000000;0.000000;0.000000;0.000000;0.000000;G1gnuABAKre8IcS0;1723745022
2238.325000;3.759033;0.013919;0.000000;700886;1OuiQrJ65D4EK2pC;SuY2OyP9hkOgP6s/;0.000000;0.000000;0.000000;0.000000;0.000000;0.000000;0.000000;0.000000;Q8ojuABAGLfdE+G0;1723745022
2238.339000;3.772949;0.013913;0.000000;700887;1OuiQrJ65D4EK2pC;SuY2OyP9hkOgP6s/;0.000000;0.000000;0.000000;0.000000;0.000000;0.000000;0.000000;0.000000;Q8ojuABAGLfdE+G0;1723745022
2238.353000;3.786865;0.013908;0.000000;700888;1euiQqZ65D4EK2pC;JFUzOyP9hkOtP6s/;0.000000;0.000000;0.000000;0.000000;0.000000;0.000000;0.000000;0.000000;EuMfuABAG7fubgW1;1723745022
2238.367000;3.801025;0.013975;0.000000;700889;1euiQqx65D4EK2pC;wgEwOyP9hkOtP6s/;0.000000;0.000000;0.000000;0.000000;0.000000;0.000000;0.000000;0.000000;+rccuAAA+LYVTgW1;1723745022
2238.381000;3.814941;0.013958;0.000000;700890;1euiQrB65D4EK2pC;kNcsOyP9hkOqP6s/;0.000000;0.000000;0.000000;0.000000;0.000000;0.000000;0.000000;0.000000;FXEYuABAA7ca+g21;1723745022
2238.396000;3.829346;0.014050;0.000000;700891;1euiQrB65D4EK2pC;kNcsOyP9hkOqP6s/;0.000000;0.000000;0.000000;0.000000;0.000000;0.000000;0.000000;0.000000;FXEYuABAA7ca+g21;1723745022
2238.410000;3.843262;0.014024;0.000000;700892;1euiQqx65D4EK2pC;Xa0pOyT9hkOrP6s/;0.000000;0.000000;0.000000;0.000000;0.000000;0.000000;0.000000;0.000000;8rsVuACA1baR6Qi1;1723745022
2238.424000;3.857178;0.013997;0.000000;700893;1euiQqx65D4EK2pC;dKsmOyP9hkOrP6s/;0.000000;0.000000;0.000000;0.000000;0.000000;0.000000;0.000000;0.000000;CfMRuACA4bbc6Qa1;1723745022
2238.438000;3.871094;0.013975;0.000000;700894;1euiQqx65D4EK2pC;dKsmOyP9hkOrP6s/;0.000000;0.000000;0.000000;0.000000;0.000000;0.000000;0.000000;0.000000;CfMRuACA4bbc6Qa1;1723745022
2238.451000;3.885010;0.013959;0.000000;700895;1euiQrR65D4EK2pC;Ib4jOyP9hkOgP6s/;0.000000;0.000000;0.000000;0.000000;0.000000;0.000000;0.000000;0.000000;x9cOuACA4raj3Qy1;1723745022
2238.466000;3.899170;0.014013;0.000000;700896;1euiQrZ65D4EK2pC;U7sgOyT9hkOiP6s/;0.000000;0.000000;0.000000;0.000000;0.000000;0.000000;0.000000;0.000000;xNULuAAA0Lbh3++0;1723745022
2238.479000;3.913086;0.013988;0.000000;700897;1euiQrZ65D4EK2pC;U7sgOyT9hkOiP6s/;0.000000;0.000000;0.000000;0.000000;0.000000;0.000000;0.000000;0.000000;xNULuAAA0Lbh3++0;1723745022
2238.494000;3.927246;0.014024;0.000000;700898;1euiQrB65D4EK2pC;suEdOyT9hkOiP6s/;0.000000;0.000000;0.000000;0.000000;0.000000;0.000000;0.000000;0.000000;fJoHuADALLcrUt20;1723745022
2238.508000;3.941406;0.014038;0.000000;700899;1euiQqx65D4EK2pC;3AkbOyP9hkOOP6s/;0.000000;0.000000;0.000000;0.000000;0.000000;0.000000;0.000000;0.000000;hCwFuABAC7eJ3Py0;1723745022
2238.522000;3.955322;0.014008;0.000000;700900;1euiQrZ65D4EK2pC;00QYOyP9hkOXP6s/;0.000000;0.000000;0.000000;0.000000;0.000000;0.000000;0.000000;0.000000;gakBuADAC7dCUdi0;1723745022
2238.536000;3.969238;0.014028;0.000000;700901;1euiQrZ65D4EK2pC;00QYOyP9hkOXP6s/;0.000000;0.000000;0.000000;0.000000;0.000000;0.000000;0.000000;0.000000;gakBuADAC7dCUdi0;1723745022
2238.550000;3.983398;0.014044;0.000000;700902;1uuiQrR65D4EK2pC;5X4VOyP9hkOOP6s/;0.000000;0.000000;0.000000;0.000000;0.000000;0.000000;0.000000;0.000000;cdH+twCAAbfX7O60;1723745022
2238.564000;3.997314;0.014029;0.000000;700903;1uuiQrR65D4EK2pC;PtASOyP9hkOOP6s/;0.000000;0.000000;0.000000;0.000000;0.000000;0.000000;0.000000;0.000000;i7T4twCA57aOGsW0;1723745022
2238.578000;4.011475;0.014015;0.000000;700904;1uuiQrR65D4EK2pC;PtASOyP9hkOOP6s/;0.000000;0.000000;0.000000;0.000000;0.000000;0.000000;0.000000;0.000000;i7T4twCA57aOGsW0;1723745022
2238.592000;4.025391;0.014042;0.000000;700905;1uuiQrJ65D4EK2pC;FUgQOyP9hkOPP6s/;0.000000;0.000000;0.000000;0.000000;0.000000;0.000000;0.000000;0.000000;pnnytwDAILcKCtK0;1723745022
2238.606000;4.039307;0.014011;0.000000;700906;1uuiQrB65D4EK2pC;B78NOyP9hkN8P6s/;0.000000;0.000000;0.000000;0.000000;0.000000;0.000000;0.000000;0.000000;kxjttwBAIreDOdW0;1723745022
2238.620000;4.053223;0.013987;0.000000;700907;1uuiQrB65D4EK2pC;B78NOyP9hkN8P6s/;0.000000;0.000000;0.000000;0.000000;0.000000;0.000000;0.000000;0.000000;kxjttwBAIreDOdW0;1723745023
2238.634000;4.067139;0.013967;0.000000;700908;1uuiQqp65D4EK2pC;dksLOyP9hkOFP6s/;0.000000;0.000000;0.000000;0.000000;0.000000;0.000000;0.000000;0.000000;l4LotwDAALc0ya+0;1723745023
2238.647000;4.081055;0.013952;0.000000;700909;1uuiQqx65D4EK2pC;5dcIOyP9hkN7P6s/;0.000000;0.000000;0.000000;0.000000;0.000000;0.000000;0.000000;0.000000;fMvjtwAAurYh+8K0;1723745023
2238.661000;4.094971;0.013941;0.000000;700910;1uuiQq565D4EK2pC;BXgGOyP9hkN6P6s/;0.000000;0.000000;0.000000;0.000000;0.000000;0.000000;0.000000;0.000000;FhTetwAA1LbFurO0;1723745023
2238.676000;4.109375;0.014020;0.000000;700911;1uuiQq565D4EK2pC;BXgGOyP9hkN6P6s/;0.000000;0.000000;0.000000;0.000000;0.000000;0.000000;0.000000;0.000000;FhTetwAA1LbFurO0;1723745023
2238.690000;4.123291;0.013994;0.000000;700912;1uuiQqx65D4EK2pC;8yoEOyP9hkNvP6s/;0.000000;0.000000;0.000000;0.000000;0.000000;0.000000;0.000000;0.000000;PXDYtwAAzbYeUq+0;1723745023
2238.703000;4.136963;0.013973;0.000000;700913;1uuiQq565D4EK2pC;kOABOyP9hkN6P6s/;0.000000;0.000000;0.000000;0.000000;0.000000;0.000000;0.000000;0.000000;EpfTtwCArbbJj6O0;1723745023
2238.718000;4.151123;0.013995;0.000000;700914;1uuiQq565D4EK2pC;kOABOyP9hkN6P6s/;0.000000;0.000000;0.000000;0.000000;0.000000;0.000000;0.000000;0.000000;EpfTtwCArbbJj6O0;1723745023
2238.732000;4.165527;0.014049;0.000000;700915;1uuiQq565D4EK2pC;9FH/OiP9hkNmP6s/;0.000000;0.000000;0.000000;0.000000;0.000000;0.000000;0.000000;0.000000;vtjOtwCAtrZHd6S0;1723745023
2238.746000;4.179199;0.014017;0.000000;700916;1uuiQrJ65D4EK2pC;9gv7OiP9hkNvP6s/;0.000000;0.000000;0.000000;0.000000;0.000000;0.000000;0.000000;0.000000;9v3JtwCArLZEM2a0;1723745023
2238.760000;4.193115;0.013992;0.000000;700917;1uuiQrJ65D4EK2pC;9gv7OiP9hkNvP6s/;0.000000;0.000000;0.000000;0.000000;0.000000;0.000000;0.000000;0.000000;9v3JtwCArLZEM2a0;1723745023
2238.773000;4.207031;0.013971;0.000000;700918;1uuiQrB65D4EK2pC;+MX2OiP9hkNmP6s/;0.000000;0.000000;0.000000;0.000000;0.000000;0.000000;0.000000;0.000000;A13FtwCAwramyZK0;1723745023
2238.787000;4.220947;0.013954;0.000000;700919;1+uiQrJ65D4EK2pC;+n/yOiP9hkNvP6s/;0.000000;0.000000;0.000000;0.000000;0.000000;0.000000;0.000000;0.000000;fwDBtwCAprYgHIm0;1723745023
2238.801000;4.234863;0.013941;0.000000;700920;1+uiQrR65D4EK2pC;/TnuOiP9hkNmP6s/;0.000000;0.000000;0.000000;0.000000;0.000000;0.000000;0.000000;0.000000;0+m8twCAp7bTT4i0;1723745023
2238.815000;4.248779;0.013931;0.000000;700921;1+uiQrR65D4EK2pC;/TnuOiP9hkNmP6s/;0.000000;0.000000;0.000000;0.000000;0.000000;0.000000;0.000000;0.000000;0+m8twCAp7bTT4i0;1723745023
2238.829000;4.262695;0.013923;0.000000;700922;1+uiQqh65D4EK2pC;kUTqOiP9hkNdP6s/;0.000000;0.000000;0.000000;0.000000;0.000000;0.000000;0.000000;0.000000;HEm3twCAv7ZlQ4G0;1723745023
2238.843000;4.276611;0.013916;0.000000;700923;1+uiQqp65D4EK2pC;L9flOiP9hkNbP6s/;0.000000;0.000000;0.000000;0.000000;0.000000;0.000000;0.000000;0.000000;KpCytwCAwLZm+XG0;1723745023
2238.857000;4.290527;0.013911;0.000000;700924;1+uiQqp65D4EK2pC;L9flOiP9hkNbP6s/;0.000000;0.000000;0.000000;0.000000;0.000000;0.000000;0.000000;0.000000;KpCytwCAwLZm+XG0;1723745023
2238.871000;4.304443;0.013917;0.000000;700925;1+uiQqx65D4EK2pC;ITTiOiP9hkNSP6s/;0.000000;0.000000;0.000000;0.000000;0.000000;0.000000;0.000000;0.000000;IGmvtwAAbbb2VkG0;1723745023
2238.885000;4.318359;0.013911;0.000000;700926;1+uiQq565D4EK2pC;5GfeOiP9hkNSP6s/;0.000000;0.000000;0.000000;0.000000;0.000000;0.000000;0.000000;0.000000;VUqrtwAAhbb1XBi0;1723745023
2238.898000;4.332031;0.013906;0.000000;700927;1+uiQq565D4EK2pC;5GfeOiP9hkNSP6s/;0.000000;0.000000;0.000000;0.000000;0.000000;0.000000;0.000000;0.000000;VUqrtwAAhbb1XBi0;1723745023
2238.913000;4.346680;0.014012;0.000000;700928;1+uiQrR65D4EK2pC;C8PaOiP9hkNIP6s/;0.000000;0.000000;0.000000;0.000000;0.000000;0.000000;0.000000;0.000000;/ommtwCAi7YtKiu0;1723745023
2238.927000;4.360352;0.013987;0.000000;700929;1+uiQqh65D4EK2pC;mfjWOiP9hkNIP6s/;0.000000;0.000000;0.000000;0.000000;0.000000;0.000000;0.000000;0.000000;pCOitwAAn7aeGg60;1723745023
2238.941000;4.374268;0.013967;0.000000;700930;1+uiQrB65D4EK2pC;wFPTOiP9hkM+P6s/;0.000000;0.000000;0.000000;0.000000;0.000000;0.000000;0.000000;0.000000;ELyftwAAxrVMdg60;1723745023
2238.955000;4.388184;0.013951;0.000000;700931;1+uiQrB65D4EK2pC;wFPTOiP9hkM+P6s/;0.000000;0.000000;0.000000;0.000000;0.000000;0.000000;0.000000;0.000000;ELyftwAAxrVMdg60;1723745023
2238.969000;4.402100;0.013940;0.000000;700932;1+uiQrJ65D4EK2pC;cirQOiP9hkM9P6s/;0.000000;0.000000;0.000000;0.000000;0.000000;0.000000;0.000000;0.000000;mZmatwAATLby95Cz;1723745023
2238.982000;4.416016;0.013929;0.000000;700933;1+uiQrh65D4EK2pC;yK7MOiP9hkM+P6s/;0.000000;0.000000;0.000000;0.000000;0.000000;0.000000;0.000000;0.000000;53eXtwCAgrZCjaWz;1723745023
2238.996000;4.429932;0.013921;0.000000;700934;1+uiQrh65D4EK2pC;yK7MOiP9hkM+P6s/;0.000000;0.000000;0.000000;0.000000;0.000000;0.000000;0.000000;0.000000;53eXtwCAgrZCjaWz;1723745023
2239.010000;4.443848;0.013914;0.000000;700935;1+uiQrJ65D4EK2pC;7wnJOiP9hkM0P6s/;0.000000;0.000000;0.000000;0.000000;0.000000;0.000000;0.000000;0.000000;peGTtwAAEba0Jryz;1723745023
